<?xml version="1.0" encoding="ISO-8859-1" standalone="no"?>
<!DOCTYPE verwaltungsdaten PUBLIC "-//K2S//DTD Verwaltung//DE" "verwaltungsdaten.dtd">
<verwaltungsdaten>
<konfigurationsverantwortlicher pid="kv.testKonfiguration"/>
<konfigurationsbereich pid="kb.systemModellGlobal" verzeichnis="">
<version nr="1" zeitpunkt="02.03.2007 00:31:20,617"/>
<version nr="2" zeitpunkt="08.03.2007 16:24:58,749"/>
<version nr="3" zeitpunkt="13.03.2007 11:12:36,532"/>
<version nr="4" zeitpunkt="21.03.2007 03:47:28,010"/>
<version nr="5" zeitpunkt="24.05.2007 22:05:25,920"/>
<version nr="6" zeitpunkt="24.05.2007 22:06:41,834"/>
<version nr="7" zeitpunkt="29.05.2007 12:41:32,162"/>
<version nr="8" zeitpunkt="01.06.2007 01:07:54,445"/>
<version nr="9" zeitpunkt="06.06.2007 13:39:53,838"/>
<version nr="10" zeitpunkt="25.06.2007 16:43:19,025"/>
<version nr="11" zeitpunkt="27.06.2007 14:38:21,142"/>
<version nr="12" zeitpunkt="27.06.2007 14:40:01,273"/>
<version nr="13" zeitpunkt="12.12.2007 09:40:56,384"/>
</konfigurationsbereich>
<konfigurationsbereich pid="kb.kv.bea" verzeichnis="">
<version nr="1" zeitpunkt="02.03.2007 00:31:20,617"/>
</konfigurationsbereich>
<konfigurationsbereich pid="kb.kv.dambach" verzeichnis="">
<version nr="1" zeitpunkt="02.03.2007 00:31:20,618"/>
</konfigurationsbereich>
<konfigurationsbereich pid="kb.tmVewBetriebGlobal" verzeichnis="">
<version nr="1" zeitpunkt="02.03.2007 00:31:20,618"/>
<version nr="2" zeitpunkt="21.03.2007 03:47:28,011"/>
</konfigurationsbereich>
<konfigurationsbereich pid="kb.kv.testKonfiguration" verzeichnis="">
<version nr="1" zeitpunkt="02.03.2007 00:31:20,618"/>
</konfigurationsbereich>
<konfigurationsbereich pid="kb.kv.inovat" verzeichnis="">
<version nr="1" zeitpunkt="02.03.2007 00:31:20,619"/>
</konfigurationsbereich>
<konfigurationsbereich pid="kb.tmKExTlsGlobal" verzeichnis="">
<version nr="1" zeitpunkt="02.03.2007 00:31:20,619"/>
<version nr="3" zeitpunkt="21.03.2007 03:47:28,011"/>
<version nr="4" zeitpunkt="01.07.2007 01:58:14,171"/>
</konfigurationsbereich>
<konfigurationsbereich pid="kb.objekteTestUnterzentraleK2S_100_MessQuerschnitte" verzeichnis="">
<version nr="1" zeitpunkt="02.03.2007 00:31:20,620"/>
<version nr="3" zeitpunkt="21.03.2007 03:47:28,012"/>
</konfigurationsbereich>
<konfigurationsbereich pid="kb.tmIlseTls" verzeichnis="">
<version nr="1" zeitpunkt="02.03.2007 00:31:20,620"/>
<version nr="3" zeitpunkt="21.03.2007 03:47:28,012"/>
</konfigurationsbereich>
<konfigurationsbereich pid="kb.objekteTestSystem" verzeichnis="">
<version nr="1" zeitpunkt="02.03.2007 00:31:20,620"/>
<version nr="2" zeitpunkt="29.05.2007 12:41:32,163"/>
</konfigurationsbereich>
<konfigurationsbereich pid="kb.tmVewProtokolleGlobal" verzeichnis="">
<version nr="1" zeitpunkt="02.03.2007 00:31:20,621"/>
<version nr="2" zeitpunkt="21.03.2007 03:47:28,013"/>
</konfigurationsbereich>
<konfigurationsbereich pid="kb.ilse" verzeichnis="">
<version nr="1" zeitpunkt="02.03.2007 00:31:20,621"/>
<version nr="3" zeitpunkt="21.03.2007 03:47:28,013"/>
</konfigurationsbereich>
<konfigurationsbereich pid="kb.tmSystemKalenderGlobal" verzeichnis="">
<version nr="1" zeitpunkt="02.03.2007 00:31:20,621"/>
<version nr="4" zeitpunkt="21.03.2007 03:47:28,014"/>
<version nr="5" zeitpunkt="25.06.2007 16:43:19,026"/>
</konfigurationsbereich>
<konfigurationsbereich pid="kb.tmTmcGlobal" verzeichnis="">
<version nr="1" zeitpunkt="02.03.2007 00:31:20,621"/>
<version nr="3" zeitpunkt="21.03.2007 03:47:28,014"/>
<version nr="4" zeitpunkt="01.07.2007 01:58:14,172"/>
</konfigurationsbereich>
<konfigurationsbereich pid="kb.metaModellGlobal" verzeichnis="">
<version nr="1" zeitpunkt="02.03.2007 00:31:20,621"/>
<version nr="2" zeitpunkt="08.03.2007 16:24:58,750"/>
<version nr="3" zeitpunkt="13.03.2007 11:12:36,533"/>
<version nr="4" zeitpunkt="21.03.2007 03:47:28,014"/>
<version nr="5" zeitpunkt="24.05.2007 22:05:25,921"/>
<version nr="6" zeitpunkt="24.05.2007 22:06:41,835"/>
<version nr="7" zeitpunkt="27.06.2007 14:40:01,274"/>
<version nr="8" zeitpunkt="27.07.2007 09:42:05,768"/>
<version nr="9" zeitpunkt="12.12.2007 09:40:56,384"/>
</konfigurationsbereich>
<konfigurationsbereich pid="kb.kv.ptv" verzeichnis="">
<version nr="1" zeitpunkt="02.03.2007 00:31:20,621"/>
</konfigurationsbereich>
<konfigurationsbereich pid="kb.tmGeoReferenzierungGlobal" verzeichnis="">
<version nr="1" zeitpunkt="02.03.2007 00:31:20,622"/>
<version nr="2" zeitpunkt="21.03.2007 03:47:28,014"/>
</konfigurationsbereich>
<konfigurationsbereich pid="kb.systemModellAoe" verzeichnis="">
<version nr="1" zeitpunkt="02.03.2007 00:31:20,622"/>
<version nr="2" zeitpunkt="25.06.2007 16:43:19,028"/>
</konfigurationsbereich>
<konfigurationsbereich pid="kb.kv.bitctrl" verzeichnis="">
<version nr="1" zeitpunkt="02.03.2007 00:31:20,622"/>
</konfigurationsbereich>
<konfigurationsbereich pid="kb.default.testKonfiguration" verzeichnis="">
<version nr="1" zeitpunkt="02.03.2007 00:31:20,622"/>
</konfigurationsbereich>
<konfigurationsbereich pid="kb.kv.kappich" verzeichnis="">
<version nr="1" zeitpunkt="02.03.2007 00:31:20,623"/>
</konfigurationsbereich>
<konfigurationsbereich pid="kb.kv.logos" verzeichnis="">
<version nr="1" zeitpunkt="02.03.2007 00:31:20,623"/>
</konfigurationsbereich>
<konfigurationsbereich pid="kb.tmVerkehrGlobal" verzeichnis="">
<version nr="1" zeitpunkt="02.03.2007 00:31:20,623"/>
<version nr="10" zeitpunkt="21.03.2007 03:47:28,015"/>
<version nr="14" zeitpunkt="25.06.2007 16:43:19,028"/>
<version nr="16" zeitpunkt="12.12.2007 09:40:56,384"/>
</konfigurationsbereich>
<konfigurationsbereich pid="kb.fachModellGlobal" verzeichnis="">
<version nr="1" zeitpunkt="02.03.2007 00:31:20,623"/>
<version nr="2" zeitpunkt="13.03.2007 10:10:09,652"/>
<version nr="7" zeitpunkt="21.03.2007 03:47:28,015"/>
</konfigurationsbereich>
<konfigurationsbereich pid="kb.tmGanglinienGlobal" verzeichnis="">
<version nr="1" zeitpunkt="02.03.2007 00:31:20,623"/>
<version nr="5" zeitpunkt="21.03.2007 03:47:28,015"/>
<version nr="7" zeitpunkt="25.06.2007 16:43:19,029"/>
<version nr="8" zeitpunkt="12.12.2007 09:40:56,384"/>
</konfigurationsbereich>
<konfigurationsbereich pid="kb.tmUmfeldDatenGlobal" verzeichnis="">
<version nr="1" zeitpunkt="02.03.2007 00:31:20,623"/>
<version nr="8" zeitpunkt="21.03.2007 03:47:28,016"/>
<version nr="13" zeitpunkt="25.06.2007 16:43:19,029"/>
<version nr="15" zeitpunkt="12.12.2007 09:40:56,384"/>
</konfigurationsbereich>
<konfigurationsbereich pid="kb.tmBuVGlobal" verzeichnis="">
<version nr="1" zeitpunkt="02.03.2007 00:31:20,623"/>
<version nr="3" zeitpunkt="21.03.2007 03:47:28,016"/>
</konfigurationsbereich>
<konfigurationsbereich pid="kb.objekteIntegrationsTestTools" verzeichnis="">
<version nr="1" zeitpunkt="02.03.2007 00:31:20,623"/>
</konfigurationsbereich>
<konfigurationsbereich pid="kb.tmEreignisKalenderGlobal" verzeichnis="">
<version nr="1" zeitpunkt="02.03.2007 00:31:20,624"/>
<version nr="5" zeitpunkt="21.03.2007 03:47:28,016"/>
<version nr="7" zeitpunkt="25.06.2007 16:43:19,030"/>
<version nr="8" zeitpunkt="12.12.2007 09:40:56,384"/>
</konfigurationsbereich>
<konfigurationsbereich pid="kb.tmLangZeitVerkehrsDaten" verzeichnis="">
<version nr="1" zeitpunkt="02.03.2007 00:31:20,624"/>
<version nr="3" zeitpunkt="21.03.2007 03:47:28,016"/>
</konfigurationsbereich>
<konfigurationsbereich pid="kb.tmVewSimulationGlobal" verzeichnis="">
<version nr="1" zeitpunkt="02.03.2007 00:31:20,624"/>
<version nr="3" zeitpunkt="21.03.2007 03:47:28,017"/>
<version nr="4" zeitpunkt="18.06.2007 02:06:48,868"/>
</konfigurationsbereich>
<konfigurationsbereich pid="kb.objekteTestUnterzentraleK2S_10_MessQuerschnitte" verzeichnis="">
<version nr="1" zeitpunkt="02.03.2007 00:31:20,624"/>
<version nr="3" zeitpunkt="21.03.2007 03:47:28,017"/>
</konfigurationsbereich>
</verwaltungsdaten>
